variavel,descricao,tipo,tamanho,area,grupo
NU_ANO_CENSO,Ano do Censo,Num,4,,
NO_UF,Nome da Unidade da Federação,Char,50,GERAL,INFORMACOES GERAIS
SG_UF,Sigla da Unidade da Federação,Char,2,GERAL,INFORMACOES GERAIS
CO_UF,Código da Unidade da Federação,Num,2,GERAL,INFORMACOES GERAIS
NO_MUNICIPIO,Nome do Município,Char,150,GERAL,INFORMACOES GERAIS
CO_MUNICIPIO,Código do Município,Num,7,GERAL,INFORMACOES GERAIS
NO_MESORREGIAO,Nome da Mesorregião,Char,100,GERAL,INFORMACOES GERAIS
CO_MESORREGIAO,Código da Mesorregião,Num,4,GERAL,INFORMACOES GERAIS
NO_ENTIDADE,Nome da Escola,Char,100,GERAL,INFORMACOES GERAIS
CO_ENTIDADE,Código da Escola,Num,8,GERAL,INFORMACOES GERAIS
TP_DEPENDENCIA,Dependência Administrativa,Num,1,GERAL,INFORMACOES GERAIS
TP_LOCALIZACAO,Localização,Num,1,GERAL,INFORMACOES GERAIS
DS_ENDERECO,Endereço,Char,100,GERAL,INFORMACOES GERAIS
NU_ENDERECO,Número,Char,10,GERAL,INFORMACOES GERAIS
DS_COMPLEMENTO,Complemento,Char,20,GERAL,INFORMACOES GERAIS
NO_BAIRRO,Bairro,Char,50,GERAL,INFORMACOES GERAIS
CO_CEP,CEP,Char,8,GERAL,INFORMACOES GERAIS
NU_DDD,DDD,Num,8,GERAL,INFORMACOES GERAIS
NU_TELEFONE,Telefone,Num,8,GERAL,INFORMACOES GERAIS
TP_SITUACAO_FUNCIONAMENTO,Situação de funcionamento,Num,1,GERAL,INFORMACOES GERAIS
CO_ESCOLA_SEDE_VINCULADA,Código da escola sede,Num,8,GERAL,INFORMACOES GERAIS
IN_LOCAL_FUNC_PREDIO_ESCOLAR,Local de funcionamento da escola - Prédio Escolar,Num,1,GERAL,INFORMACOES GERAIS
TP_OCUPACAO_PREDIO_ESCOLAR,Forma de ocupação do Prédio escolar,Num,1,GERAL,INFORMACOES GERAIS
IN_AGUA_POTAVEL,Fornece água potável para o consumo humano,Num,1,INFRAESTRUTURA,ABASTECIMENTO E SERVICOS
IN_AGUA_REDE_PUBLICA,Abastecimento de água - Rede pública,Num,1,INFRAESTRUTURA,ABASTECIMENTO E SERVICOS
IN_AGUA_POCO_ARTESIANO,Abastecimento de água - Poço artesiano,Num,1,INFRAESTRUTURA,ABASTECIMENTO E SERVICOS
IN_AGUA_CACIMBA,Abastecimento de água - Cacimba/Cisterna/Poço,Num,1,INFRAESTRUTURA,ABASTECIMENTO E SERVICOS
IN_AGUA_FONTE_RIO,Abastecimento de água - Fonte/Rio/Igarapé/Riacho/Córrego,Num,1,INFRAESTRUTURA,ABASTECIMENTO E SERVICOS
IN_AGUA_INEXISTENTE,Abastecimento de água - Não há abastecimento de água,Num,1,INFRAESTRUTURA,ABASTECIMENTO E SERVICOS
IN_AGUA_CARRO_PIPA,Abastecimento de água - Carro-pipa,Num,1,INFRAESTRUTURA,ABASTECIMENTO E SERVICOS
IN_ENERGIA_REDE_PUBLICA,Abastecimento de energia elétrica - Rede pública,Num,1,INFRAESTRUTURA,ABASTECIMENTO E SERVICOS
IN_ENERGIA_GERADOR_FOSSIL,Abastecimento de energia elétrica - Gerador movido a combustível fóssil,Num,1,INFRAESTRUTURA,ABASTECIMENTO E SERVICOS
IN_ENERGIA_RENOVAVEL,Abastecimento de energia elétrica - Fontes de energia renováveis,Num,1,INFRAESTRUTURA,ABASTECIMENTO E SERVICOS
IN_ENERGIA_INEXISTENTE,Abastecimento de energia elétrica - Não há energia elétrica,Num,1,INFRAESTRUTURA,ABASTECIMENTO E SERVICOS
IN_ESGOTO_REDE_PUBLICA,Esgoto sanitário - Rede pública,Num,1,INFRAESTRUTURA,ABASTECIMENTO E SERVICOS
IN_ESGOTO_FOSSA_SEPTICA,Esgoto sanitário - Fossa Séptica,Num,1,INFRAESTRUTURA,ABASTECIMENTO E SERVICOS
IN_ESGOTO_FOSSA_COMUM,Esgoto sanitário - Fossa rudimentar/comum,Num,1,INFRAESTRUTURA,ABASTECIMENTO E SERVICOS
IN_ESGOTO_FOSSA,Esgoto sanitário - Fossa,Num,1,INFRAESTRUTURA,ABASTECIMENTO E SERVICOS
IN_ESGOTO_INEXISTENTE,Esgoto sanitário - Não há esgotamento sanitário,Num,1,INFRAESTRUTURA,ABASTECIMENTO E SERVICOS
IN_LIXO_SERVICO_COLETA,Destinação do lixo - Serviço de coleta,Num,1,INFRAESTRUTURA,ABASTECIMENTO E SERVICOS
IN_LIXO_QUEIMA,Destinação do lixo - Queima,Num,1,INFRAESTRUTURA,ABASTECIMENTO E SERVICOS
IN_LIXO_ENTERRA,Destinação do lixo - Enterra,Num,1,INFRAESTRUTURA,ABASTECIMENTO E SERVICOS
IN_LIXO_DESTINO_FINAL_PUBLICO,Destinação do lixo - Destinação final financiada pelo poder público,Num,1,INFRAESTRUTURA,ABASTECIMENTO E SERVICOS
IN_LIXO_DESCARTA_OUTRA_AREA,Destinação do lixo - Descarta em outra área,Num,1,INFRAESTRUTURA,ABASTECIMENTO E SERVICOS
IN_TRATAMENTO_LIXO_SEPARACAO,Tratamento do lixo/resíduos - Separação,Num,1,INFRAESTRUTURA,ABASTECIMENTO E SERVICOS
IN_TRATAMENTO_LIXO_REUTILIZA,Tratamento do lixo/resíduos - Reaproveitamento/reutilização,Num,1,INFRAESTRUTURA,ABASTECIMENTO E SERVICOS
IN_TRATAMENTO_LIXO_RECICLAGEM,Tratamento do lixo/resíduos - Reciclagem,Num,1,INFRAESTRUTURA,ABASTECIMENTO E SERVICOS
IN_TRATAMENTO_LIXO_INEXISTENTE,Tratamento do lixo/resíduos - Não faz tratamento,Num,1,INFRAESTRUTURA,ABASTECIMENTO E SERVICOS
IN_ALMOXARIFADO,Almoxarifado,Num,1,INFRAESTRUTURA,ESPACO ADMINISTRATIVO
IN_AREA_VERDE,Área de vegetação ou gramado,Num,1,INFRAESTRUTURA,LAZER E CONVIVENCIA
IN_AREA_PLANTIO,"Área de horta, plantio e/ou produção agricola",Num,1,INFRAESTRUTURA,LAZER E CONVIVENCIA
IN_AUDITORIO,Auditório,Num,1,INFRAESTRUTURA,ESPACO PEDAGOGICO
IN_BANHEIRO,Banheiro,Num,1,INFRAESTRUTURA,HIGIENE E BEM-ESTAR
IN_BANHEIRO_EI,Banheiro adequado à educação infantil,Num,1,INFRAESTRUTURA,HIGIENE E BEM-ESTAR
IN_BANHEIRO_PNE,Banheiro acessível (PNE),Num,1,INFRAESTRUTURA,ACESSIBILIDADE
IN_BANHEIRO_FUNCIONARIOS,Banheiro exclusivo para os funcionários,Num,1,INFRAESTRUTURA,ESPACO ADMINISTRATIVO
IN_BANHEIRO_CHUVEIRO,Banheiro ou vestiário com chuveiro,Num,1,INFRAESTRUTURA,HIGIENE E BEM-ESTAR
IN_BIBLIOTECA,Biblioteca,Num,1,INFRAESTRUTURA,ESPACO PEDAGOGICO
IN_BIBLIOTECA_SALA_LEITURA,Biblioteca e/ou Sala de leitura,Num,1,INFRAESTRUTURA,ESPACO PEDAGOGICO
IN_COZINHA,Cozinha,Num,1,INFRAESTRUTURA,HIGIENE E BEM-ESTAR
IN_DESPENSA,Despensa,Num,1,INFRAESTRUTURA,HIGIENE E BEM-ESTAR
IN_DORMITORIO_ALUNO,Dormitório de aluno(a),Num,1,INFRAESTRUTURA,HIGIENE E BEM-ESTAR
IN_LABORATORIO_CIENCIAS,Laboratório de ciências,Num,1,INFRAESTRUTURA,ESPACO PEDAGOGICO
IN_LABORATORIO_INFORMATICA,Laboratório de informática,Num,1,INFRAESTRUTURA,ESPACO PEDAGOGICO
IN_LABORATORIO_EDUC_PROF,Laboratório para Educação Profissional,Num,1,INFRAESTRUTURA,ESPACO PEDAGOGICO
IN_PATIO_COBERTO,Pátio coberto,Num,1,INFRAESTRUTURA,LAZER E CONVIVENCIA
IN_PATIO_DESCOBERTO,Pátio descoberto,Num,1,INFRAESTRUTURA,LAZER E CONVIVENCIA
IN_PARQUE_INFANTIL,Parque infantil,Num,1,INFRAESTRUTURA,LAZER E CONVIVENCIA
IN_PISCINA,Piscina,Num,1,INFRAESTRUTURA,LAZER E CONVIVENCIA
IN_QUADRA_ESPORTES,Quadra de esportes coberta ou descoberta,Num,1,INFRAESTRUTURA,LAZER E CONVIVENCIA
IN_REFEITORIO,Refeitório,Num,1,INFRAESTRUTURA,HIGIENE E BEM-ESTAR
IN_SALA_ATELIE_ARTES,Sala/ateliê de artes,Num,1,INFRAESTRUTURA,ESPACO PEDAGOGICO
IN_SALA_MUSICA_CORAL,Sala de música/coral,Num,1,INFRAESTRUTURA,ESPACO PEDAGOGICO
IN_SALA_ESTUDIO_DANCA,Sala/estúdio de dança,Num,1,INFRAESTRUTURA,ESPACO PEDAGOGICO
IN_SALA_MULTIUSO,"Sala multiuso (música, dança e artes)",Num,1,INFRAESTRUTURA,ESPACO PEDAGOGICO
IN_SALA_ESTUDIO_GRAVACAO,Estúdio de gravação e edição,Num,1,INFRAESTRUTURA,ESPACO PEDAGOGICO
IN_SALA_OFICINAS_EDUC_PROF,Salas de oficinas da Educação Profissional,Num,1,INFRAESTRUTURA,ESPACO PEDAGOGICO
IN_SALA_DIRETORIA,Sala de Diretoria,Num,1,INFRAESTRUTURA,ESPACO ADMINISTRATIVO
IN_SALA_LEITURA,Sala de leitura,Num,1,INFRAESTRUTURA,ESPACO PEDAGOGICO
IN_SALA_PROFESSOR,Sala de professores,Num,1,INFRAESTRUTURA,ESPACO ADMINISTRATIVO
IN_SALA_REPOUSO_ALUNO,Sala de repouso para aluno(a),Num,1,INFRAESTRUTURA,HIGIENE E BEM-ESTAR
IN_SECRETARIA,Sala de Secretaria,Num,1,INFRAESTRUTURA,ESPACO ADMINISTRATIVO
IN_SALA_ATENDIMENTO_ESPECIAL,Sala de Recursos Multifuncionais (AEE),Num,1,INFRAESTRUTURA,ACESSIBILIDADE
IN_TERREIRAO,Terreirão,Num,1,INFRAESTRUTURA,LAZER E CONVIVENCIA
IN_DEPENDENCIAS_OUTRAS,Nenhuma das dependências relacionadas,Num,1,INFRAESTRUTURA,OUTROS
IN_ACESSIBILIDADE_CORRIMAO,Corrimão e guarda corpos,Num,1,INFRAESTRUTURA,ACESSIBILIDADE
IN_ACESSIBILIDADE_ELEVADOR,Elevador,Num,1,INFRAESTRUTURA,ACESSIBILIDADE
IN_ACESSIBILIDADE_PISOS_TATEIS,Pisos táteis,Num,1,INFRAESTRUTURA,ACESSIBILIDADE
IN_ACESSIBILIDADE_VAO_LIVRE,Portas com vão livre >= 80 cm,Num,1,INFRAESTRUTURA,ACESSIBILIDADE
IN_ACESSIBILIDADE_RAMPAS,Rampas,Num,1,INFRAESTRUTURA,ACESSIBILIDADE
IN_ACESSIBILIDADE_SINAL_SONORO,Sinalização sonora,Num,1,INFRAESTRUTURA,ACESSIBILIDADE
IN_ACESSIBILIDADE_SINAL_TATIL,Sinalização tátil,Num,1,INFRAESTRUTURA,ACESSIBILIDADE
IN_ACESSIBILIDADE_SINAL_VISUAL,Sinalização visual,Num,1,INFRAESTRUTURA,ACESSIBILIDADE
IN_ACESSIBILIDADE_SINALIZACAO,Sinalização/alarme luminoso,Num,1,INFRAESTRUTURA,ACESSIBILIDADE
QT_SALAS_UTILIZADAS_DENTRO,Número de salas de aula - Dentro do prédio,Num,4,INFRAESTRUTURA,ESPACO PEDAGOGICO
QT_SALAS_UTILIZADAS_FORA,Número de salas de aula - Fora do prédio,Num,4,INFRAESTRUTURA,ESPACO PEDAGOGICO
QT_SALAS_UTILIZADAS,Número de salas de aula utilizadas,Num,4,INFRAESTRUTURA,ESPACO PEDAGOGICO
QT_SALAS_UTILIZA_CLIMATIZADAS,Número de salas de aula climatizadas,Num,4,INFRAESTRUTURA,ESPACO PEDAGOGICO
QT_SALAS_UTILIZADAS_ACESSIVEIS,Salas de aula com acessibilidade,Num,4,INFRAESTRUTURA,ACESSIBILIDADE
IN_EQUIP_PARABOLICA,Antena parabólica,Num,1,INFRAESTRUTURA,EQUIPAMENTOS
IN_COMPUTADOR,Computador (Existência),Num,1,INFRAESTRUTURA,EQUIPAMENTOS
IN_EQUIP_COPIADORA,Copiadora,Num,1,INFRAESTRUTURA,EQUIPAMENTOS
IN_EQUIP_IMPRESSORA,Impressora,Num,1,INFRAESTRUTURA,EQUIPAMENTOS
IN_EQUIP_IMPRESSORA_MULT,Impressora Multifuncional,Num,1,INFRAESTRUTURA,EQUIPAMENTOS
IN_EQUIP_SCANNER,Scanner,Num,1,INFRAESTRUTURA,EQUIPAMENTOS
IN_EQUIP_DVD,DVD/Blu-ray (Existência),Num,1,INFRAESTRUTURA,EQUIPAMENTOS
QT_EQUIP_DVD,Quantidade de DVD/Blu-ray,Num,5,INFRAESTRUTURA,EQUIPAMENTOS
QT_EQUIP_SOM,Quantidade de Aparelhos de som,Num,5,INFRAESTRUTURA,EQUIPAMENTOS
QT_EQUIP_TV,Quantidade de Televisões,Num,5,INFRAESTRUTURA,EQUIPAMENTOS
QT_EQUIP_LOUSA_DIGITAL,Quantidade de Lousas digitais,Num,5,INFRAESTRUTURA,EQUIPAMENTOS
QT_EQUIP_MULTIMIDIA,Quantidade de Projetores Multimídia,Num,5,INFRAESTRUTURA,EQUIPAMENTOS
QT_DESKTOP_ALUNO,Quantidade de computadores de mesa - Aluno,Num,5,INFRAESTRUTURA,EQUIPAMENTOS
QT_COMP_PORTATIL_ALUNO,Quantidade de computadores portáteis - Aluno,Num,5,INFRAESTRUTURA,EQUIPAMENTOS
QT_TABLET_ALUNO,Quantidade de Tablets - Aluno,Num,5,INFRAESTRUTURA,EQUIPAMENTOS
IN_INTERNET,Acesso à Internet,Num,1,INFRAESTRUTURA,ABASTECIMENTO E SERVICOS
IN_INTERNET_ALUNOS,Internet - Uso dos alunos,Num,1,INFRAESTRUTURA,ABASTECIMENTO E SERVICOS
IN_INTERNET_ADMINISTRATIVO,Internet - Uso administrativo,Num,1,INFRAESTRUTURA,ABASTECIMENTO E SERVICOS
IN_INTERNET_APRENDIZAGEM,Internet - Uso ensino/aprendizagem,Num,1,INFRAESTRUTURA,ABASTECIMENTO E SERVICOS
IN_INTERNET_COMUNIDADE,Internet - Uso da comunidade,Num,1,INFRAESTRUTURA,ABASTECIMENTO E SERVICOS
IN_ACESSO_INTERNET_COMPUTADOR,Internet via equipamentos da escola,Num,1,INFRAESTRUTURA,ABASTECIMENTO E SERVICOS
IN_ACES_INTERNET_DISP_PESSOAIS,Internet via dispositivos pessoais,Num,1,INFRAESTRUTURA,ABASTECIMENTO E SERVICOS
TP_REDE_LOCAL,Rede local de interligação,Num,1,INFRAESTRUTURA,ABASTECIMENTO E SERVICOS
IN_BANDA_LARGA,Internet Banda Larga,Num,1,INFRAESTRUTURA,ABASTECIMENTO E SERVICOS
QT_PROF_ADMINISTRATIVOS,Quantidade de prof. administrativos,Num,5,MATRICULA,RECURSOS HUMANOS
QT_PROF_SERVICOS_GERAIS,Quantidade de prof. serviços gerais,Num,5,MATRICULA,RECURSOS HUMANOS
QT_PROF_BIBLIOTECARIO,Quantidade de Bibliotecários,Num,5,MATRICULA,RECURSOS HUMANOS
QT_PROF_SAUDE,Quantidade de prof. de saúde,Num,5,MATRICULA,RECURSOS HUMANOS
QT_PROF_COORDENADOR,Quantidade de coordenadores de turno,Num,5,MATRICULA,RECURSOS HUMANOS
QT_PROF_FONAUDIOLOGO,Quantidade de fonoaudiólogos,Num,5,MATRICULA,RECURSOS HUMANOS
QT_PROF_NUTRICIONISTA,Quantidade de nutricionistas,Num,5,MATRICULA,RECURSOS HUMANOS
QT_PROF_PSICOLOGO,Quantidade de psicólogos,Num,5,MATRICULA,RECURSOS HUMANOS
QT_PROF_ALIMENTACAO,Quantidade de prof. prep. alimentar,Num,5,MATRICULA,RECURSOS HUMANOS
QT_PROF_PEDAGOGIA,Quantidade de prof. apoio pedagógico,Num,5,MATRICULA,RECURSOS HUMANOS
QT_PROF_SECRETARIO,Quantidade de secretários escolares,Num,5,MATRICULA,RECURSOS HUMANOS
QT_PROF_SEGURANCA,Quantidade de prof. segurança,Num,5,MATRICULA,RECURSOS HUMANOS
QT_PROF_MONITORES,Quantidade de monitores/supervisores,Num,5,MATRICULA,RECURSOS HUMANOS
QT_PROF_GESTAO,Quantidade de vice-diretores/adjuntos,Num,5,MATRICULA,RECURSOS HUMANOS
QT_PROF_ASSIST_SOCIAL,Quantidade de assistentes sociais,Num,5,MATRICULA,RECURSOS HUMANOS
QT_PROF_TRAD_LIBRAS,Quantidade de intérpretes de Libras,Num,5,MATRICULA,RECURSOS HUMANOS
QT_PROF_REVISOR_BRAILLE,Quantidade de revisores Braille,Num,5,MATRICULA,RECURSOS HUMANOS
IN_ALIMENTACAO,Alimentação escolar,Num,1,INFRAESTRUTURA,HIGIENE E BEM-ESTAR
IN_MATERIAL_PED_MULTIMIDIA,Acervo multimídia,Num,1,INFRAESTRUTURA,MATERIAIS PEDAGOGICOS
IN_MATERIAL_PED_INFANTIL,Brinquedos para Educação Infantil,Num,1,INFRAESTRUTURA,MATERIAIS PEDAGOGICOS
IN_MATERIAL_PED_CIENTIFICO,Materiais científicos,Num,1,INFRAESTRUTURA,MATERIAIS PEDAGOGICOS
IN_MATERIAL_PED_DIFUSAO,Difusão de som/áudio,Num,1,INFRAESTRUTURA,MATERIAIS PEDAGOGICOS
IN_MATERIAL_PED_MUSICAL,Instrumentos musicais,Num,1,INFRAESTRUTURA,MATERIAIS PEDAGOGICOS
IN_MATERIAL_PED_JOGOS,Jogos Educativos,Num,1,INFRAESTRUTURA,MATERIAIS PEDAGOGICOS
IN_MATERIAL_PED_ARTISTICAS,Materiais culturais/artísticos,Num,1,INFRAESTRUTURA,MATERIAIS PEDAGOGICOS
IN_MATERIAL_PED_PROFISSIONAL,Materiais Ed. Profissional,Num,1,INFRAESTRUTURA,MATERIAIS PEDAGOGICOS
IN_MATERIAL_PED_DESPORTIVA,Materiais desportivos,Num,1,INFRAESTRUTURA,MATERIAIS PEDAGOGICOS
IN_MATERIAL_PED_INDIGENA,Material Indígena,Num,1,INFRAESTRUTURA,MATERIAIS PEDAGOGICOS
IN_MATERIAL_PED_ETNICO,Material Relações Étnico-raciais,Num,1,INFRAESTRUTURA,MATERIAIS PEDAGOGICOS
IN_MATERIAL_PED_CAMPO,Material Educação do Campo,Num,1,INFRAESTRUTURA,MATERIAIS PEDAGOGICOS
IN_MATERIAL_PED_BIL_SURDOS,Material Ed. Bilíngue Surdos,Num,1,INFRAESTRUTURA,MATERIAIS PEDAGOGICOS
IN_MATERIAL_PED_AGRICOLA,Equipamentos área agrícola,Num,1,INFRAESTRUTURA,MATERIAIS PEDAGOGICOS
IN_MATERIAL_PED_QUILOMBOLA,Material Ed. Quilombola,Num,1,INFRAESTRUTURA,MATERIAIS PEDAGOGICOS
IN_MATERIAL_PED_EDU_ESP,Material Educação Especial,Num,1,INFRAESTRUTURA,MATERIAIS PEDAGOGICOS
IN_ORGAO_ASS_PAIS,Associação de Pais,Num,1,MATRICULA,ORGAOS COLEGIADOS
IN_ORGAO_ASS_PAIS_MESTRES,Associação de Pais e Mestres,Num,1,MATRICULA,ORGAOS COLEGIADOS
IN_ORGAO_CONSELHO_ESCOLAR,Conselho Escolar,Num,1,MATRICULA,ORGAOS COLEGIADOS
IN_ORGAO_GREMIO_ESTUDANTIL,Grêmio Estudantil,Num,1,MATRICULA,ORGAOS COLEGIADOS
TP_AEE,Atendimento Educacional Especializado,Num,1,MATRICULA,MODALIDADES
TP_ATIVIDADE_COMPLEMENTAR,Atividade Complementar,Num,1,MATRICULA,MODALIDADES
IN_MEDIACAO_PRESENCIAL,Mediação Presencial,Num,1,MATRICULA,MODALIDADES
IN_MEDIACAO_SEMIPRESENCIAL,Mediação Semipresencial,Num,1,MATRICULA,MODALIDADES
IN_MEDIACAO_EAD,Mediação EAD,Num,1,MATRICULA,MODALIDADES
IN_REGULAR,Ensino Regular,Num,1,MATRICULA,MODALIDADES
IN_DIURNO,Turno Diurno,Num,1,MATRICULA,MODALIDADES
IN_NOTURNO,Turno Noturno,Num,1,MATRICULA,MODALIDADES
IN_EAD,Turno EAD,Num,1,MATRICULA,MODALIDADES
QT_MAT_INF_CRE,Matrículas Creche,Num,8,MATRICULA,QUANTITATIVO ALUNOS
QT_MAT_INF_PRE,Matrículas Pré-Escola,Num,8,MATRICULA,QUANTITATIVO ALUNOS
QT_MAT_FUND_AI_1,Matrículas 1º Ano,Num,8,MATRICULA,QUANTITATIVO ALUNOS
QT_MAT_FUND_AI_2,Matrículas 2º Ano,Num,8,MATRICULA,QUANTITATIVO ALUNOS
QT_MAT_FUND_AI_3,Matrículas 3º Ano,Num,8,MATRICULA,QUANTITATIVO ALUNOS
QT_MAT_FUND_AI_4,Matrículas 4º Ano,Num,8,MATRICULA,QUANTITATIVO ALUNOS
QT_MAT_FUND_AI_5,Matrículas 5º Ano,Num,8,MATRICULA,QUANTITATIVO ALUNOS
QT_MAT_FUND_AF_6,Matrículas 6º Ano,Num,8,MATRICULA,QUANTITATIVO ALUNOS
QT_MAT_FUND_AF_7,Matrículas 7º Ano,Num,8,MATRICULA,QUANTITATIVO ALUNOS
QT_MAT_FUND_AF_8,Matrículas 8º Ano,Num,8,MATRICULA,QUANTITATIVO ALUNOS
QT_MAT_FUND_AF_9,Matrículas 9º Ano,Num,8,MATRICULA,QUANTITATIVO ALUNOS
QT_MAT_MED_PROP,Matrículas Médio Propedêutico,Num,8,MATRICULA,QUANTITATIVO ALUNOS
QT_MAT_MED_PROP_1,Matrículas Médio Prop. 1º Ano,Num,8,MATRICULA,QUANTITATIVO ALUNOS
QT_MAT_MED_PROP_2,Matrículas Médio Prop. 2º Ano,Num,8,MATRICULA,QUANTITATIVO ALUNOS
QT_MAT_MED_PROP_3,Matrículas Médio Prop. 3º Ano,Num,8,MATRICULA,QUANTITATIVO ALUNOS
QT_MAT_MED_CT,Matrículas Médio CT,Num,8,MATRICULA,QUANTITATIVO ALUNOS
QT_MAT_MED_CT_1,Matrículas Médio CT 1º Ano,Num,8,MATRICULA,QUANTITATIVO ALUNOS
QT_MAT_MED_CT_2,Matrículas Médio CT 2º Ano,Num,8,MATRICULA,QUANTITATIVO ALUNOS
QT_MAT_MED_CT_3,Matrículas Médio CT 3º Ano,Num,8,MATRICULA,QUANTITATIVO ALUNOS
QT_MAT_MED_CT_4,Matrículas Médio CT 4º Ano,Num,8,MATRICULA,QUANTITATIVO ALUNOS
QT_MAT_MED_CT_NS,Matrículas Médio CT NS,Num,8,MATRICULA,QUANTITATIVO ALUNOS
QT_MAT_MED_NM,Matrículas Médio NM,Num,8,MATRICULA,QUANTITATIVO ALUNOS
QT_MAT_MED_NM_1,Matrículas Médio NM 1º Ano,Num,8,MATRICULA,QUANTITATIVO ALUNOS
QT_MAT_MED_NM_2,Matrículas Médio NM 2º Ano,Num,8,MATRICULA,QUANTITATIVO ALUNOS
QT_MAT_MED_NM_3,Matrículas Médio NM 3º Ano,Num,8,MATRICULA,QUANTITATIVO ALUNOS
QT_MAT_MED_NM_4,Matrículas Médio NM 4º Ano,Num,8,MATRICULA,QUANTITATIVO ALUNOS
QT_MAT_PROF,Matrículas Ed. Profissional,Num,8,MATRICULA,QUANTITATIVO ALUNOS
QT_MAT_PROF_TEC,Matrículas Ed. Prof. Técnica,Num,8,MATRICULA,QUANTITATIVO ALUNOS
QT_MAT_PROF_TEC_CONC,Matrículas Ed. Prof. Técnica Conc,Num,8,MATRICULA,QUANTITATIVO ALUNOS
QT_MAT_PROF_TEC_SUBS,Matrículas Ed. Prof. Técnica Subs,Num,8,MATRICULA,QUANTITATIVO ALUNOS
QT_MAT_PROF_FIC_CONC,Matrículas Ed. Prof. FIC Conc,Num,8,MATRICULA,QUANTITATIVO ALUNOS
QT_MAT_EJA,Matrículas EJA,Num,8,MATRICULA,QUANTITATIVO ALUNOS
QT_MAT_EJA_FUND,Matrículas EJA Fundamental,Num,8,MATRICULA,QUANTITATIVO ALUNOS
QT_MAT_EJA_FUND_AI,Matrículas EJA Fundamental AI,Num,8,MATRICULA,QUANTITATIVO ALUNOS
QT_MAT_EJA_FUND_AF,Matrículas EJA Fundamental AF,Num,8,MATRICULA,QUANTITATIVO ALUNOS
QT_MAT_EJA_FUND_FIC,Matrículas EJA Fund. FIC Integrado,Num,8,MATRICULA,QUANTITATIVO ALUNOS
QT_MAT_EJA_MED,Matrículas EJA Médio,Num,8,MATRICULA,QUANTITATIVO ALUNOS
QT_MAT_EJA_MED_NPROF,Matrículas EJA Médio sem comp. prof,Num,8,MATRICULA,QUANTITATIVO ALUNOS
QT_MAT_EJA_MED_FIC,Matrículas EJA Médio FIC Integrado,Num,8,MATRICULA,QUANTITATIVO ALUNOS
QT_MAT_EJA_MED_TEC,Matrículas EJA Médio Técnico Integrado,Num,8,MATRICULA,QUANTITATIVO ALUNOS
QT_MAT_ESP,Matrículas Educação Especial,Num,8,MATRICULA,QUANTITATIVO ALUNOS
QT_MAT_ESP_CC,Matrículas Ed. Especial CC,Num,8,MATRICULA,QUANTITATIVO ALUNOS
QT_MAT_ESP_CE,Matrículas Ed. Especial CE,Num,8,MATRICULA,QUANTITATIVO ALUNOS
QT_MAT_BAS_FEM,Matrículas Fem,Num,8,MATRICULA,QUANTITATIVO ALUNOS
QT_MAT_BAS_MASC,Matrículas Masc,Num,8,MATRICULA,QUANTITATIVO ALUNOS
QT_MAT_BAS_ND,Matrículas ND,Num,8,MATRICULA,QUANTITATIVO ALUNOS
QT_MAT_BAS_BRANCA,Matrículas Branca,Num,8,MATRICULA,QUANTITATIVO ALUNOS
QT_MAT_BAS_PRETA,Matrículas Preta,Num,8,MATRICULA,QUANTITATIVO ALUNOS
QT_MAT_BAS_PARDA,Matrículas Parda,Num,8,MATRICULA,QUANTITATIVO ALUNOS
QT_MAT_BAS_AMARELA,Matrículas Amarela,Num,8,MATRICULA,QUANTITATIVO ALUNOS
QT_MAT_BAS_INDIGENA,Matrículas Indígena,Num,8,MATRICULA,QUANTITATIVO ALUNOS
QT_MAT_BAS_0_3,Matrículas 0-3 anos,Num,8,MATRICULA,QUANTITATIVO ALUNOS
QT_MAT_BAS_4_5,Matrículas 4-5 anos,Num,8,MATRICULA,QUANTITATIVO ALUNOS
QT_MAT_BAS_6_10,Matrículas 6-10 anos,Num,8,MATRICULA,QUANTITATIVO ALUNOS
QT_MAT_BAS_11_14,Matrículas 11-14 anos,Num,8,MATRICULA,QUANTITATIVO ALUNOS
QT_MAT_BAS_15_17,Matrículas 15-17 anos,Num,8,MATRICULA,QUANTITATIVO ALUNOS
QT_MAT_BAS_18_MAIS,Matrículas 18+ anos,Num,8,MATRICULA,QUANTITATIVO ALUNOS
QT_MAT_BAS_D,Matrículas Diurno,Num,8,MATRICULA,QUANTITATIVO ALUNOS
QT_MAT_BAS_N,Matrículas Noturno,Num,8,MATRICULA,QUANTITATIVO ALUNOS
QT_MAT_BAS_EAD,Matrículas EAD,Num,8,MATRICULA,QUANTITATIVO ALUNOS
QT_MAT_INF_INT,Matrículas Inf. Integral,Num,8,MATRICULA,QUANTITATIVO ALUNOS
QT_MAT_INF_CRE_INT,Matrículas Creche Integral,Num,8,MATRICULA,QUANTITATIVO ALUNOS
QT_MAT_INF_PRE_INT,Matrículas Pré-Escola Integral,Num,8,MATRICULA,QUANTITATIVO ALUNOS
QT_MAT_FUND_INT,Matrículas Fund. Integral,Num,8,MATRICULA,QUANTITATIVO ALUNOS
QT_MAT_FUND_AI_INT,Matrículas Fund. AI Integral,Num,8,MATRICULA,QUANTITATIVO ALUNOS
QT_MAT_FUND_AF_INT,Matrículas Fund. AF Integral,Num,8,MATRICULA,QUANTITATIVO ALUNOS
QT_MAT_MED_INT,Matrículas Médio Integral,Num,8,MATRICULA,QUANTITATIVO ALUNOS
QT_MAT_ZR_URB,Matrículas Zona Urbana,Num,8,MATRICULA,QUANTITATIVO ALUNOS
QT_MAT_ZR_RUR,Matrículas Zona Rural,Num,8,MATRICULA,QUANTITATIVO ALUNOS
QT_TRANSP_PUBLICO,Alunos transporte público,Num,8,MATRICULA,TRANSPORTE ESCOLAR
QT_TRANSP_RESP_EST,Transporte Resp. Estadual,Num,8,MATRICULA,TRANSPORTE ESCOLAR
QT_TRANSP_RESP_MUN,Transporte Resp. Municipal,Num,8,MATRICULA,TRANSPORTE ESCOLAR
QT_DOC_BAS,Docentes Educação Básica,Num,8,MATRICULA,RECURSOS HUMANOS
QT_DOC_INF,Docentes Educação Infantil,Num,8,MATRICULA,RECURSOS HUMANOS
QT_DOC_INF_CRE,Docentes Creche,Num,8,MATRICULA,RECURSOS HUMANOS
QT_DOC_INF_PRE,Docentes Pré-Escola,Num,8,MATRICULA,RECURSOS HUMANOS
QT_DOC_FUND,Docentes Ensino Fundamental,Num,8,MATRICULA,RECURSOS HUMANOS
QT_DOC_FUND_AI,Docentes Fundamental AI,Num,8,MATRICULA,RECURSOS HUMANOS
QT_DOC_FUND_AF,Docentes Fundamental AF,Num,8,MATRICULA,RECURSOS HUMANOS
QT_DOC_MED,Docentes Ensino Médio,Num,8,MATRICULA,RECURSOS HUMANOS
QT_DOC_PROF,Docentes Ed. Profissional,Num,8,MATRICULA,RECURSOS HUMANOS
QT_DOC_PROF_TEC,Docentes Ed. Prof. Técnica,Num,8,MATRICULA,RECURSOS HUMANOS
QT_DOC_EJA,Docentes EJA,Num,8,MATRICULA,RECURSOS HUMANOS
QT_DOC_EJA_FUND,Docentes EJA Fundamental,Num,8,MATRICULA,RECURSOS HUMANOS
QT_DOC_EJA_MED,Docentes EJA Médio,Num,8,MATRICULA,RECURSOS HUMANOS
QT_DOC_ESP,Docentes Educação Especial,Num,8,MATRICULA,RECURSOS HUMANOS
QT_DOC_ESP_CC,Docentes Ed. Especial CC,Num,8,MATRICULA,RECURSOS HUMANOS
QT_DOC_ESP_CE,Docentes Ed. Especial CE,Num,8,MATRICULA,RECURSOS HUMANOS
QT_TUR_BAS,Turmas Educação Básica,Num,8,MATRICULA,TURMAS
QT_TUR_INF,Turmas Educação Infantil,Num,8,MATRICULA,TURMAS
QT_TUR_INF_CRE,Turmas Creche,Num,8,MATRICULA,TURMAS
QT_TUR_INF_PRE,Turmas Pré-Escola,Num,8,MATRICULA,TURMAS
QT_TUR_FUND,Turmas Ensino Fundamental,Num,8,MATRICULA,TURMAS
QT_TUR_FUND_AI,Turmas Fundamental AI,Num,8,MATRICULA,TURMAS
QT_TUR_FUND_AF,Turmas Fundamental AF,Num,8,MATRICULA,TURMAS
QT_TUR_MED,Turmas Ensino Médio,Num,8,MATRICULA,TURMAS
QT_TUR_PROF,Turmas Ed. Profissional,Num,8,MATRICULA,TURMAS
QT_TUR_PROF_TEC,Turmas Ed. Prof. Técnica,Num,8,MATRICULA,TURMAS
QT_TUR_EJA,Turmas EJA,Num,8,MATRICULA,TURMAS
QT_TUR_EJA_FUND,Turmas EJA Fundamental,Num,8,MATRICULA,TURMAS
QT_TUR_EJA_MED,Turmas EJA Médio,Num,8,MATRICULA,TURMAS
QT_TUR_ESP,Turmas Educação Especial,Num,8,MATRICULA,TURMAS
QT_TUR_ESP_CC,Turmas Ed. Especial CC,Num,8,MATRICULA,TURMAS
QT_TUR_ESP_CE,Turmas Ed. Especial CE,Num,8,MATRICULA,TURMAS
QT_TUR_BAS_D,Turmas Diurno,Num,8,MATRICULA,TURMAS
QT_TUR_BAS_N,Turmas Noturno,Num,8,MATRICULA,TURMAS
QT_TUR_BAS_EAD,Turmas EAD,Num,8,MATRICULA,TURMAS
QT_TUR_INF_INT,Turmas Inf. Integral,Num,8,MATRICULA,TURMAS
QT_TUR_INF_CRE_INT,Turmas Creche Integral,Num,8,MATRICULA,TURMAS
QT_TUR_INF_PRE_INT,Turmas Pré-Escola Integral,Num,8,MATRICULA,TURMAS
QT_TUR_FUND_INT,Turmas Fund. Integral,Num,8,MATRICULA,TURMAS
QT_TUR_FUND_AI_INT,Turmas Fund. AI Integral,Num,8,MATRICULA,TURMAS
QT_TUR_FUND_AF_INT,Turmas Fund. AF Integral,Num,8,MATRICULA,TURMAS
QT_TUR_MED_INT,Turmas Médio Integral,Num,8,MATRICULA,TURMAS